{"cameraMode":{"drawMode":0,"name":"Shaded","section":"Shading Mode"},"sceneLighting":true,"audioPlay":false,"sceneViewState":{"m_AlwaysRefresh":false,"showFog":true,"showSkybox":true,"showFlares":true,"showImageEffects":true,"showParticleSystems":true,"showVisualEffectGraphs":true,"m_FxEnabled":true},"in2DMode":false,"pivot":{"x":786.8992919921875,"y":59.83411407470703,"z":295.86541748046877},"rotation":{"x":0.027117514982819558,"y":0.8733616471290588,"z":-0.04875040426850319,"w":0.4840603768825531},"size":1.2150373458862305,"orthographic":false}